id,first_name,last_name,email,gender,ip_address
1,Chris,Iacovone,ciacovone0@yahoo.com,Female,106.159.109.249
2,Abigale,McCudden,amccudden1@drupal.org,Female,137.111.61.8
3,Johan,Dannehl,jdannehl2@t-online.de,Male,25.255.55.18
4,Gabriel,Dziwisz,gdziwisz3@disqus.com,Female,144.89.178.173
5,Phedra,Darrel,pdarrel4@techcrunch.com,Female,176.100.167.141
6,Daphne,Garwell,dgarwell5@hostgator.com,Female,39.62.81.149
7,Callida,Waight,cwaight6@sciencedaily.com,Female,189.213.121.228
8,Aggy,Akenhead,aakenhead7@surveymonkey.com,Female,169.198.229.170
9,Salvador,Boath,sboath8@arizona.edu,Male,118.83.70.212
10,Ralina,McDowell,rmcdowell9@dropbox.com,Female,128.239.203.222
11,Deanne,Peters,dpetersa@t-online.de,Female,82.59.142.77
12,Damian,Wilbud,dwilbudb@rakuten.co.jp,Male,2.36.190.143
13,Iona,Currum,icurrumc@clickbank.net,Female,84.195.195.240
14,Sabina,Leacy,sleacyd@adobe.com,Female,221.45.168.127
15,Aurelea,Doers,adoerse@123-reg.co.uk,Female,38.163.9.148
16,Mona,Caruth,mcaruthf@bloglovin.com,Female,125.28.201.156
17,Anita,Bransgrove,abransgroveg@surveymonkey.com,Female,45.82.250.20
18,Garret,Jepensen,gjepensenh@craigslist.org,Male,130.222.152.52
19,Joaquin,Twinbourne,jtwinbournei@xinhuanet.com,Male,162.3.11.184
20,Wren,Avard,wavardj@gmpg.org,Female,158.5.84.149
21,Nikolia,Ledgley,nledgleyk@deviantart.com,Female,200.246.71.134
22,Lanie,Riccio,lricciol@netvibes.com,Female,196.90.20.56
23,Matty,Gibbe,mgibbem@ameblo.jp,Female,48.69.161.221
24,Fair,Britton,fbrittonn@canalblog.com,Male,102.40.37.89
25,Teresina,Wernham,twernhamo@printfriendly.com,Female,109.103.160.8
26,Ursola,MacGall,umacgallp@printfriendly.com,Female,122.40.251.121
27,Robb,Goublier,rgoublierq@wordpress.org,Male,86.123.182.41
28,Pris,Forrester,pforresterr@jugem.jp,Female,175.91.40.231
29,Nora,Brunotti,nbrunottis@sina.com.cn,Female,225.80.178.183
30,Noak,Rowbotham,nrowbothamt@wikia.com,Male,143.160.148.146
31,Drew,Egdale,degdaleu@smugmug.com,Male,157.82.91.219
32,Tobiah,Riches,trichesv@whitehouse.gov,Male,175.179.130.4
33,Donella,Bramont,dbramontw@theglobeandmail.com,Female,160.232.58.224
34,Devonna,FitzGilbert,dfitzgilbertx@goodreads.com,Female,162.127.162.106
35,Harri,Jeannon,hjeannony@yelp.com,Female,54.198.145.148
36,Dollie,Kilford,dkilfordz@engadget.com,Female,151.73.67.10
37,Sawyere,Speer,sspeer10@technorati.com,Male,156.253.193.197
38,Robert,Dubois,rdubois11@ycombinator.com,Male,224.170.228.238
39,Ara,Thomann,athomann12@webeden.co.uk,Male,205.185.227.200
40,Maible,Petraitis,mpetraitis13@economist.com,Female,169.98.24.12
41,Wye,Rozsa,wrozsa14@google.it,Male,70.11.94.29
42,Haze,Thorpe,hthorpe15@mayoclinic.com,Male,38.160.43.145
43,Natala,Adaway,nadaway16@fc2.com,Female,83.182.201.13
44,Ivor,Kinmond,ikinmond17@symantec.com,Male,165.16.136.104
45,Scott,Bernath,sbernath18@naver.com,Male,16.126.63.210
46,Aldus,Bandy,abandy19@ed.gov,Male,247.170.158.212
47,Natty,Paliser,npaliser1a@mashable.com,Female,115.222.38.191
48,Kendra,Bloore,kbloore1b@mapy.cz,Female,254.203.100.55
49,Frederico,Pescud,fpescud1c@arstechnica.com,Male,244.16.151.39
50,Maximilianus,Alekseicik,malekseicik1d@free.fr,Male,217.62.145.43
51,Artur,Dunmuir,adunmuir1e@usa.gov,Male,125.20.37.120
52,Vida,Baitman,vbaitman1f@arstechnica.com,Female,135.6.223.110
53,Dore,Goutcher,dgoutcher1g@irs.gov,Female,98.181.7.146
54,Dom,Owens,dowens1h@xinhuanet.com,Male,42.241.36.21
55,Leora,McCaffrey,lmccaffrey1i@vimeo.com,Female,145.164.70.97
56,Lynnelle,Shane,lshane1j@goo.ne.jp,Female,75.199.220.230
57,Rube,Newband,rnewband1k@scribd.com,Male,159.181.167.165
58,Alphard,Kindon,akindon1l@addthis.com,Male,14.73.241.7
59,Guilbert,Baswall,gbaswall1m@java.com,Male,92.211.225.255
60,Isadore,Sacher,isacher1n@vk.com,Male,30.0.202.195
61,Lance,Mulderrig,lmulderrig1o@zimbio.com,Male,94.141.173.59
62,Ddene,Minchi,dminchi1p@list-manage.com,Female,16.167.240.199
63,Belinda,Delap,bdelap1q@sogou.com,Female,0.11.105.76
64,Millicent,Ramsby,mramsby1r@desdev.cn,Female,230.103.141.198
65,Jorey,Scawton,jscawton1s@amazon.de,Female,32.92.3.50
66,Giusto,Bucksey,gbucksey1t@washingtonpost.com,Male,207.37.217.104
67,Jacquelin,Frensch,jfrensch1u@comcast.net,Female,59.144.182.233
68,Tiphani,Shakshaft,tshakshaft1v@goo.ne.jp,Female,68.40.203.186
69,Nola,Timeby,ntimeby1w@google.de,Female,56.10.251.172
70,Cy,Jankovic,cjankovic1x@pcworld.com,Male,37.123.252.53
71,Grace,Jakobssen,gjakobssen1y@ask.com,Male,177.98.85.114
72,Pyotr,Johannesson,pjohannesson1z@flavors.me,Male,58.127.182.222
73,Enos,Ryson,eryson20@kickstarter.com,Male,71.204.96.6
74,Kathy,le Keux,klekeux21@simplemachines.org,Female,23.47.78.55
75,Cordi,Purveys,cpurveys22@state.gov,Female,110.162.175.64
76,Estrella,Skeffington,eskeffington23@wix.com,Female,13.97.210.8
77,Christoforo,Skidmore,cskidmore24@abc.net.au,Male,66.105.75.16
78,Kelsey,Dittson,kdittson25@bing.com,Male,130.12.199.52
79,Court,Lanfere,clanfere26@hatena.ne.jp,Male,143.185.98.25
80,Izabel,Coffey,icoffey27@cmu.edu,Female,55.40.136.202
81,Keriann,Brou,kbrou28@icio.us,Female,23.87.72.102
82,Rowe,Parffrey,rparffrey29@macromedia.com,Female,140.178.52.230
83,Astrix,De La Salle,adelasalle2a@behance.net,Female,238.200.107.159
84,Udale,Pickford,upickford2b@harvard.edu,Male,223.212.183.68
85,Bentley,Alexsandrovich,balexsandrovich2c@dot.gov,Male,33.178.243.3
86,Janaya,Vell,jvell2d@java.com,Female,70.102.144.143
87,Phoebe,MacLardie,pmaclardie2e@livejournal.com,Female,33.119.11.233
88,Way,Powelee,wpowelee2f@psu.edu,Male,47.198.201.44
89,Emmalynne,Smylie,esmylie2g@histats.com,Female,12.216.124.144
90,Lief,Nissle,lnissle2h@geocities.com,Male,207.241.88.64
91,Rollie,Lightbourn,rlightbourn2i@theglobeandmail.com,Male,232.183.119.33
92,Al,Benfell,abenfell2j@weibo.com,Male,125.93.45.248
93,Juan,Thayre,jthayre2k@discovery.com,Male,73.107.67.76
94,Ward,Klamman,wklamman2l@mail.ru,Male,170.60.200.163
95,Bondie,Stanbro,bstanbro2m@craigslist.org,Male,140.214.31.71
96,Hieronymus,Knoton,hknoton2n@noaa.gov,Male,36.170.168.200
97,Sharity,Burle,sburle2o@joomla.org,Female,79.36.118.146
98,Tamma,Carpenter,tcarpenter2p@deviantart.com,Female,184.156.88.208
99,Madelaine,Grelka,mgrelka2q@google.it,Female,128.5.39.36
100,Yuri,Balderstone,ybalderstone2r@is.gd,Male,226.243.18.88
101,Karlis,Elecum,kelecum2s@ucoz.ru,Male,210.4.245.13
102,Shepard,Posselow,sposselow2t@surveymonkey.com,Male,23.122.90.59
103,Arnaldo,Blaxley,ablaxley2u@noaa.gov,Male,242.252.28.8
104,Hali,Girardy,hgirardy2v@webs.com,Female,193.76.199.70
105,Jimmy,Stedell,jstedell2w@sfgate.com,Male,224.179.56.159
106,Alistair,Feary,afeary2x@ovh.net,Male,170.126.89.187
107,Erl,Egell,eegell2y@stumbleupon.com,Male,147.192.220.123
108,Celine,O'Quin,coquin2z@bloomberg.com,Female,107.80.9.109
109,Clerc,Kilcullen,ckilcullen30@washington.edu,Male,156.248.123.141
110,Orsa,Tenney,otenney31@hubpages.com,Female,8.41.49.103
111,Ingra,Brogden,ibrogden32@thetimes.co.uk,Male,226.197.171.21
112,Cary,Podbury,cpodbury33@craigslist.org,Male,147.122.168.200
113,Franciska,Crome,fcrome34@wp.com,Female,160.141.65.55
114,Kaitlin,Clemo,kclemo35@over-blog.com,Female,252.1.129.68
115,Linnie,Digg,ldigg36@imdb.com,Female,197.62.27.152
116,Moina,Westmorland,mwestmorland37@unc.edu,Female,82.210.86.150
117,Andonis,Campana,acampana38@columbia.edu,Male,239.96.237.246
118,Artemis,Heffron,aheffron39@wiley.com,Male,62.86.33.117
119,Michel,MacCumeskey,mmaccumeskey3a@yolasite.com,Male,233.226.54.233
120,Dagmar,Broek,dbroek3b@multiply.com,Female,157.228.156.24
121,Peggi,Guislin,pguislin3c@deviantart.com,Female,168.241.191.131
122,Burk,Twatt,btwatt3d@latimes.com,Male,237.190.26.64
123,Jewelle,Vivers,jvivers3e@cdc.gov,Female,244.21.231.219
124,Dorri,Petzolt,dpetzolt3f@elegantthemes.com,Female,33.242.236.108
125,Gerri,Lebell,glebell3g@narod.ru,Male,160.40.150.251
126,Felipe,Du Plantier,fduplantier3h@mapquest.com,Male,175.89.176.20
127,Carie,Goering,cgoering3i@stumbleupon.com,Female,49.226.26.116
128,Kaitlin,Dixcey,kdixcey3j@pbs.org,Female,172.129.237.57
129,Stanly,Fussen,sfussen3k@bbc.co.uk,Male,142.65.173.142
130,Clareta,Tinton,ctinton3l@wordpress.org,Female,206.72.23.89
131,Glennie,Shelp,gshelp3m@i2i.jp,Female,87.160.88.51
132,Wilmette,Starton,wstarton3n@accuweather.com,Female,17.128.149.213
133,Tarrance,Kidson,tkidson3o@miitbeian.gov.cn,Male,35.181.237.90
134,Cully,Mallender,cmallender3p@printfriendly.com,Male,169.125.104.220
135,Hillard,Rosedale,hrosedale3q@who.int,Male,157.108.43.171
136,Bobina,Sage,bsage3r@pen.io,Female,154.162.127.114
137,Stephen,Makepeace,smakepeace3s@slashdot.org,Male,176.3.40.255
138,Sawyer,Grinyer,sgrinyer3t@usnews.com,Male,167.1.249.84
139,Olav,Woodison,owoodison3u@ow.ly,Male,163.223.36.242
140,Dorris,Lages,dlages3v@economist.com,Female,116.157.52.224
141,Harald,Benkin,hbenkin3w@artisteer.com,Male,195.206.211.170
142,Eustacia,McPharlain,emcpharlain3x@cnet.com,Female,139.190.227.58
143,Shae,Slora,sslora3y@tripadvisor.com,Male,187.148.16.202
144,Shannen,Hassard,shassard3z@google.cn,Female,73.122.217.251
145,Filmer,Roberds,froberds40@amazon.co.uk,Male,32.1.110.111
146,Stirling,Webby,swebby41@weebly.com,Male,119.224.142.207
147,Denny,McTerry,dmcterry42@oakley.com,Female,201.72.77.181
148,Hamil,Flipsen,hflipsen43@opera.com,Male,183.106.241.158
149,Caldwell,Aaronson,caaronson44@taobao.com,Male,188.175.15.208
150,Shaine,Broyd,sbroyd45@gnu.org,Male,141.223.227.97
151,Christie,Lestor,clestor46@exblog.jp,Female,108.146.33.25
152,Sandy,Ericssen,sericssen47@columbia.edu,Female,115.91.132.72
153,Ham,Pennycook,hpennycook48@marketwatch.com,Male,136.175.75.130
154,Celisse,Smoughton,csmoughton49@ed.gov,Female,120.141.180.119
155,Helga,Motton,hmotton4a@hao123.com,Female,51.194.27.189
156,Gayler,Duell,gduell4b@tamu.edu,Male,43.64.175.214
157,Kizzie,Barbisch,kbarbisch4c@wisc.edu,Female,151.1.36.188
158,Arte,New,anew4d@goodreads.com,Male,236.185.244.68
159,Esta,Hallex,ehallex4e@va.gov,Female,63.16.31.216
160,Bethena,Fladgate,bfladgate4f@is.gd,Female,136.112.80.254
161,Hayes,Caldera,hcaldera4g@geocities.com,Male,46.205.217.30
162,Woodman,Pilbeam,wpilbeam4h@psu.edu,Male,121.128.105.156
163,Vickie,Luce,vluce4i@canalblog.com,Female,112.188.219.131
164,Zorine,Buckerfield,zbuckerfield4j@last.fm,Female,123.227.164.247
165,Myrah,McCurlye,mmccurlye4k@craigslist.org,Female,234.210.43.32
166,Patrizius,Grishelyov,pgrishelyov4l@apple.com,Male,106.124.175.173
167,Mannie,Swadden,mswadden4m@skyrock.com,Male,19.142.113.56
168,Edwin,Eaglesham,eeaglesham4n@examiner.com,Male,56.209.160.22
169,Temple,McInally,tmcinally4o@odnoklassniki.ru,Male,231.210.123.53
170,Robinet,Oneal,roneal4p@purevolume.com,Male,246.124.222.125
171,Filmer,Bellefonte,fbellefonte4q@patch.com,Male,157.73.218.77
172,Celine,Baybutt,cbaybutt4r@dmoz.org,Female,85.247.138.66
173,Roseann,Tenman,rtenman4s@t-online.de,Female,153.128.145.79
174,Cale,Orchart,corchart4t@yahoo.com,Male,59.29.20.103
175,Catie,Boorer,cboorer4u@ameblo.jp,Female,202.179.159.192
176,Jorrie,Zannuto,jzannuto4v@fotki.com,Female,57.67.109.136
177,Jacques,Shyre,jshyre4w@sohu.com,Male,133.184.25.195
178,Valencia,Bladesmith,vbladesmith4x@google.com.hk,Female,182.222.36.83
179,Kerwin,Cressey,kcressey4y@dion.ne.jp,Male,178.180.176.39
180,Roshelle,Ziems,rziems4z@cdc.gov,Female,144.22.205.79
181,Hedi,Dobbins,hdobbins50@apache.org,Female,30.185.147.104
182,Antons,Veck,aveck51@slashdot.org,Male,142.138.218.201
183,Grier,Marrian,gmarrian52@wikipedia.org,Female,107.82.177.231
184,Gal,Matthieson,gmatthieson53@trellian.com,Male,36.68.100.24
185,Alfonso,Hawarden,ahawarden54@icq.com,Male,156.130.24.54
186,Lulita,Smallridge,lsmallridge55@cbc.ca,Female,142.167.66.96
187,Janelle,Juleff,jjuleff56@amazonaws.com,Female,234.66.172.137
188,Saxe,McCullough,smccullough57@mac.com,Male,220.123.213.2
189,Quinta,Pietranek,qpietranek58@hugedomains.com,Female,223.167.35.77
190,Peta,Stokoe,pstokoe59@exblog.jp,Female,135.129.251.8
191,Cory,Woolaston,cwoolaston5a@google.ru,Male,225.162.251.229
192,Pen,Gambrell,pgambrell5b@canalblog.com,Female,154.241.128.255
193,Clem,Elph,celph5c@hatena.ne.jp,Female,252.194.87.207
194,Celine,Gauvin,cgauvin5d@free.fr,Female,190.42.197.149
195,Dodie,Le Claire,dleclaire5e@craigslist.org,Female,102.179.128.14
196,Andrus,McIlvoray,amcilvoray5f@oracle.com,Male,74.201.166.141
197,Alain,Hedge,ahedge5g@artisteer.com,Male,56.105.131.117
198,Brigida,Rumgay,brumgay5h@jiathis.com,Female,25.213.195.84
199,Ronald,Handmore,rhandmore5i@craigslist.org,Male,239.53.182.68
200,Web,Brugmann,wbrugmann5j@mayoclinic.com,Male,45.208.42.52
201,Mathian,Klazenga,mklazenga5k@comcast.net,Male,111.98.111.102
202,Catlaina,Bleier,cbleier5l@opensource.org,Female,34.174.230.25
203,Kip,Tremollet,ktremollet5m@pagesperso-orange.fr,Male,129.85.40.163
204,Melisent,Scottrell,mscottrell5n@delicious.com,Female,71.175.220.85
205,Bond,Rozzell,brozzell5o@cpanel.net,Male,78.221.61.210
206,Thorndike,Chatan,tchatan5p@google.com.br,Male,98.45.133.90
207,Lyndy,Sherry,lsherry5q@hc360.com,Female,217.129.27.113
208,Chery,Dumsday,cdumsday5r@wisc.edu,Female,83.76.59.10
209,Mureil,Faier,mfaier5s@nba.com,Female,117.113.194.160
210,Barnie,McCowan,bmccowan5t@yellowpages.com,Male,1.122.58.219
211,Conant,Dunford,cdunford5u@netvibes.com,Male,97.57.42.160
212,Ediva,Slora,eslora5v@yelp.com,Female,181.63.111.0
213,Davie,Yerrill,dyerrill5w@dagondesign.com,Male,253.206.57.14
214,Danni,Hogben,dhogben5x@salon.com,Female,139.45.9.149
215,Rodrick,Harryman,rharryman5y@icq.com,Male,229.206.182.66
216,Woodrow,Fullilove,wfullilove5z@kickstarter.com,Male,170.154.240.193
217,Jojo,Reade,jreade60@usa.gov,Female,223.251.253.84
218,Igor,Clemanceau,iclemanceau61@europa.eu,Male,221.26.131.134
219,Lurleen,Bromehed,lbromehed62@accuweather.com,Female,135.230.93.168
220,Frants,Godbolt,fgodbolt63@unesco.org,Male,225.52.186.53
221,Kiri,Hegdonne,khegdonne64@linkedin.com,Female,42.111.22.65
222,Tammi,Kearey,tkearey65@jimdo.com,Female,29.223.9.188
223,Ray,Verrick,rverrick66@independent.co.uk,Male,17.171.86.250
224,Issiah,Scholefield,ischolefield67@loc.gov,Male,32.132.182.171
225,Dall,Corten,dcorten68@icq.com,Male,16.186.63.155
226,Gerty,McAnalley,gmcanalley69@mapquest.com,Female,219.209.199.138
227,Lou,Nisco,lnisco6a@nydailynews.com,Male,89.173.124.46
228,Dario,Kampshell,dkampshell6b@nasa.gov,Male,184.128.171.166
229,Hy,Casemore,hcasemore6c@howstuffworks.com,Male,245.195.176.182
230,Baryram,Alfuso,balfuso6d@columbia.edu,Male,56.54.185.68
231,Thorsten,Severwright,tseverwright6e@delicious.com,Male,114.14.209.164
232,Shelagh,Chadwick,schadwick6f@imdb.com,Female,140.46.179.79
233,Vickie,Scothern,vscothern6g@paypal.com,Female,164.49.83.206
234,Sonia,Baldoni,sbaldoni6h@amazon.com,Female,102.95.97.245
235,Tallie,Jankin,tjankin6i@seattletimes.com,Female,178.251.61.159
236,Sheryl,Posse,sposse6j@umn.edu,Female,209.206.58.180
237,Sunny,Frossell,sfrossell6k@dropbox.com,Male,255.92.55.249
238,Mamie,Pedican,mpedican6l@dropbox.com,Female,213.52.111.240
239,Sandy,Dallicott,sdallicott6m@eepurl.com,Female,253.12.156.229
240,Gus,Rotherforth,grotherforth6n@fema.gov,Female,167.85.157.154
241,Mario,Schistl,mschistl6o@eepurl.com,Male,143.60.48.138
242,Pierson,Ledrane,pledrane6p@etsy.com,Male,150.227.194.170
243,Dewitt,Clapp,dclapp6q@naver.com,Male,144.82.55.201
244,Crissie,Marie,cmarie6r@usda.gov,Female,20.38.51.159
245,Guido,Mc Trusty,gmctrusty6s@miitbeian.gov.cn,Male,97.220.232.5
246,Hoebart,MacAdie,hmacadie6t@com.com,Male,101.42.246.52
247,Estel,Beckworth,ebeckworth6u@wordpress.org,Female,90.68.179.36
248,Marchall,Cinavas,mcinavas6v@tripadvisor.com,Male,84.248.15.63
249,Rennie,Wontner,rwontner6w@gmpg.org,Female,240.239.204.245
250,Izzy,Siene,isiene6x@latimes.com,Male,134.224.253.149
251,Jean,Jura,jjura6y@blogger.com,Male,157.29.127.121
252,Rossy,Pagden,rpagden6z@g.co,Male,250.97.193.137
253,Mateo,Drinkhall,mdrinkhall70@scientificamerican.com,Male,96.252.240.50
254,Reeta,Kitchaside,rkitchaside71@un.org,Female,250.11.159.42
255,Donaugh,Phipp,dphipp72@friendfeed.com,Male,144.206.246.88
256,Ludvig,Braam,lbraam73@si.edu,Male,0.135.36.216
257,Jacynth,Geeritz,jgeeritz74@i2i.jp,Female,111.211.60.39
258,Phedra,Harkins,pharkins75@sakura.ne.jp,Female,12.17.149.149
259,Teador,Torald,ttorald76@vistaprint.com,Male,14.97.98.32
260,Tamar,Toy,ttoy77@pbs.org,Female,153.93.77.74
261,Raoul,Tolussi,rtolussi78@trellian.com,Male,97.137.164.218
262,Anthiathia,Hellier,ahellier79@ask.com,Female,182.95.116.23
263,Jefferey,Jedrych,jjedrych7a@hp.com,Male,157.71.75.16
264,Martguerita,Frossell,mfrossell7b@github.io,Female,114.250.86.190
265,Elston,Rigney,erigney7c@bloglines.com,Male,120.107.163.237
266,Yolanthe,Crehan,ycrehan7d@bbb.org,Female,208.234.142.244
267,Damiano,Klimek,dklimek7e@nifty.com,Male,248.48.140.119
268,Idaline,Dennehy,idennehy7f@devhub.com,Female,246.9.40.116
269,Blanca,Godon,bgodon7g@google.nl,Female,149.203.6.182
270,Gary,Noyes,gnoyes7h@dion.ne.jp,Male,43.29.87.156
271,Marie-jeanne,Flood,mflood7i@accuweather.com,Female,44.30.82.11
272,Marcella,Palphreyman,mpalphreyman7j@marriott.com,Female,157.237.84.35
273,Timofei,Mitroshinov,tmitroshinov7k@ning.com,Male,130.139.123.127
274,Salem,Edgars,sedgars7l@mediafire.com,Male,87.238.41.44
275,Melisande,Shrigley,mshrigley7m@freewebs.com,Female,122.11.91.112
276,Fred,Doby,fdoby7n@tripod.com,Male,199.142.170.212
277,Lev,Mariolle,lmariolle7o@i2i.jp,Male,142.75.44.6
278,Ingra,Gosney,igosney7p@cdbaby.com,Male,203.7.87.94
279,Brooks,Scruby,bscruby7q@fastcompany.com,Male,9.230.87.87
280,Clyve,Hugonet,chugonet7r@google.nl,Male,184.67.202.105
281,Madlin,Herity,mherity7s@adobe.com,Female,13.226.204.133
282,Enid,Vondrasek,evondrasek7t@msn.com,Female,155.118.73.159
283,Lindi,Llop,lllop7u@ted.com,Female,127.43.191.33
284,Guthrey,Durrand,gdurrand7v@mtv.com,Male,127.95.201.230
285,Pam,Gentsch,pgentsch7w@dailymotion.com,Female,170.176.191.121
286,Kaitlin,Balderstone,kbalderstone7x@youtube.com,Female,128.84.172.96
287,Karel,Dever,kdever7y@discuz.net,Male,186.198.148.166
288,Ricki,Butterly,rbutterly7z@histats.com,Male,104.40.0.67
289,Ennis,Tattam,etattam80@spotify.com,Male,6.22.71.224
290,Edik,Streatfield,estreatfield81@angelfire.com,Male,45.136.138.44
291,Florencia,Spencook,fspencook82@gravatar.com,Female,94.243.40.111
292,June,Stanborough,jstanborough83@cloudflare.com,Female,175.211.66.35
293,Onida,Spoors,ospoors84@smh.com.au,Female,48.158.115.97
294,Bernadette,Vosse,bvosse85@bing.com,Female,33.141.107.135
295,Hailey,Dunseath,hdunseath86@latimes.com,Male,46.185.60.89
296,Vergil,Mehmet,vmehmet87@upenn.edu,Male,253.246.139.158
297,Alla,Guntrip,aguntrip88@seesaa.net,Female,229.233.118.153
298,Kele,Kunes,kkunes89@ask.com,Male,189.29.237.153
299,Brnaby,Verrico,bverrico8a@ameblo.jp,Male,67.35.250.239
300,Jordon,Cicchetto,jcicchetto8b@engadget.com,Male,21.65.242.94
301,Melantha,Radmer,mradmer8c@fc2.com,Female,83.176.211.167
302,Townie,Bortolutti,tbortolutti8d@tripadvisor.com,Male,161.130.219.198
303,Harlin,Cockland,hcockland8e@geocities.jp,Male,56.246.144.124
304,Abeu,Mallord,amallord8f@newsvine.com,Male,24.254.56.72
305,Gena,Oldacres,goldacres8g@amazon.co.uk,Female,143.160.92.131
306,Jase,Padginton,jpadginton8h@nbcnews.com,Male,84.19.53.182
307,Chris,Lissandrini,clissandrini8i@w3.org,Female,63.84.49.150
308,Nadean,Foresight,nforesight8j@google.com.hk,Female,3.89.110.227
309,Waylin,Chatainier,wchatainier8k@spiegel.de,Male,54.24.56.170
310,Quinn,Rewbottom,qrewbottom8l@springer.com,Male,207.241.17.196
311,Gradeigh,Crichmer,gcrichmer8m@examiner.com,Male,5.240.136.112
312,Damita,Westraw,dwestraw8n@elpais.com,Female,107.12.247.136
313,Fidel,Janeczek,fjaneczek8o@ow.ly,Male,141.213.126.137
314,Lionel,Roskilly,lroskilly8p@furl.net,Male,25.233.26.195
315,Janifer,Cornbill,jcornbill8q@google.cn,Female,245.212.208.121
316,Anthea,Edmead,aedmead8r@goo.gl,Female,26.52.2.98
317,Annaliese,Waistell,awaistell8s@shutterfly.com,Female,119.150.36.93
318,Red,Debnam,rdebnam8t@booking.com,Male,26.98.194.153
319,Alexis,Rodda,arodda8u@yahoo.co.jp,Male,179.206.62.106
320,Hussein,Gradley,hgradley8v@barnesandnoble.com,Male,177.85.212.46
321,Antin,Simonin,asimonin8w@deliciousdays.com,Male,183.121.215.231
322,Judy,Goomes,jgoomes8x@issuu.com,Female,250.44.179.83
323,Wendel,MacMenemy,wmacmenemy8y@cbc.ca,Male,35.189.111.65
324,Karmen,Churn,kchurn8z@microsoft.com,Female,154.184.228.32
325,Karen,Haestier,khaestier90@typepad.com,Female,227.232.119.79
326,Kermie,Lammin,klammin91@purevolume.com,Male,166.49.37.182
327,Durant,Fessby,dfessby92@tinyurl.com,Male,53.125.4.122
328,Clifford,Buntin,cbuntin93@yahoo.co.jp,Male,199.49.96.205
329,Brit,Fairebrother,bfairebrother94@google.cn,Female,208.20.56.232
330,Luigi,Brickwood,lbrickwood95@arstechnica.com,Male,157.129.78.199
331,Adella,Pennock,apennock96@uiuc.edu,Female,202.6.211.130
332,Valle,Ivakin,vivakin97@thetimes.co.uk,Male,225.87.190.212
333,Gustaf,Longland,glongland98@goo.gl,Male,148.237.100.142
334,Krishnah,Blades,kblades99@bloglines.com,Male,133.54.208.51
335,Keeley,Margery,kmargery9a@newsvine.com,Female,68.12.108.248
336,Noelani,Skipp,nskipp9b@mapquest.com,Female,79.251.199.203
337,Shannen,Bassilashvili,sbassilashvili9c@lycos.com,Female,125.18.85.162
338,Toddy,Stairmand,tstairmand9d@biblegateway.com,Male,66.3.188.33
339,Daphene,Laverock,dlaverock9e@twitter.com,Female,28.208.2.55
340,Grace,Barstowk,gbarstowk9f@wisc.edu,Female,63.214.41.231
341,Virgie,Verney,vverney9g@blogtalkradio.com,Female,58.213.66.183
342,Craggie,Clarke,cclarke9h@smh.com.au,Male,84.138.109.66
343,Avigdor,Aven,aaven9i@loc.gov,Male,75.216.248.29
344,Madelena,Rickell,mrickell9j@xinhuanet.com,Female,114.115.35.233
345,Noble,Baynton,nbaynton9k@blogger.com,Male,166.235.197.255
346,Mercie,Ickowicz,mickowicz9l@addthis.com,Female,158.35.181.61
347,Mindy,Dicken,mdicken9m@youtu.be,Female,65.45.119.111
348,Chloe,Kinnie,ckinnie9n@springer.com,Female,228.225.190.56
349,Ross,Shubotham,rshubotham9o@amazon.co.uk,Male,236.251.66.151
350,Alisander,Fasham,afasham9p@icq.com,Male,157.138.46.55
351,Ezri,McCreedy,emccreedy9q@ucoz.com,Male,91.51.206.227
352,Benedetto,O'Leahy,boleahy9r@npr.org,Male,209.241.78.147
353,Vida,Redhouse,vredhouse9s@so-net.ne.jp,Female,55.56.12.167
354,Harlan,McIlwreath,hmcilwreath9t@mashable.com,Male,8.35.57.71
355,Anson,Dominici,adominici9u@baidu.com,Male,95.195.225.130
356,Eddie,Edis,eedis9v@nhs.uk,Female,31.136.84.22
357,Ansley,Dami,adami9w@cafepress.com,Female,89.79.116.42
358,Jodee,Blackaby,jblackaby9x@cpanel.net,Female,177.225.170.31
359,Ashleigh,Schaumann,aschaumann9y@alexa.com,Female,200.115.79.54
360,Saba,Deeprose,sdeeprose9z@omniture.com,Female,79.170.49.251
361,Zuzana,Bernardeau,zbernardeaua0@taobao.com,Female,63.49.147.237
362,Rois,McIlvoray,rmcilvoraya1@last.fm,Female,65.77.202.145
363,Sunshine,Dudney,sdudneya2@forbes.com,Female,226.203.133.86
364,Ira,Stoppard,istopparda3@auda.org.au,Female,111.224.103.24
365,Neddy,Cuthbert,ncuthberta4@artisteer.com,Male,42.80.55.162
366,Benyamin,Moss,bmossa5@google.co.uk,Male,218.128.213.209
367,Millie,Vakhrushev,mvakhrusheva6@shinystat.com,Female,58.163.228.111
368,Verge,Wingham,vwinghama7@newyorker.com,Male,216.163.152.142
369,Bernie,Dyka,bdykaa8@columbia.edu,Male,53.72.64.25
370,Emelina,Grog,egroga9@shutterfly.com,Female,70.85.142.155
371,Bertrand,Valeri,bvaleriaa@ox.ac.uk,Male,229.47.14.186
372,Catlaina,Kendrew,ckendrewab@ezinearticles.com,Female,81.164.41.113
373,Sena,Canape,scanapeac@answers.com,Female,77.127.156.70
374,Dulciana,Bingham,dbinghamad@utexas.edu,Female,5.221.1.157
375,Cordy,Ogilvy,cogilvyae@buzzfeed.com,Female,173.11.241.155
376,Phebe,Shurmer,pshurmeraf@elegantthemes.com,Female,137.111.31.210
377,Cati,Vile,cvileag@smh.com.au,Female,161.59.90.79
378,Nevin,Nevin,nnevinah@furl.net,Male,37.83.162.157
379,Isac,Searson,isearsonai@usnews.com,Male,101.228.157.38
380,Celisse,Pettitt,cpettittaj@nih.gov,Female,176.135.193.101
381,Seumas,Sanpere,ssanpereak@google.pl,Male,238.141.228.255
382,Pammie,Oswald,poswaldal@msu.edu,Female,176.172.180.52
383,Maible,Pretsell,mpretsellam@examiner.com,Female,73.40.16.173
384,Iver,Winters,iwintersan@parallels.com,Male,210.161.85.68
385,Jone,Cartin,jcartinao@arstechnica.com,Male,92.50.255.82
386,Jerome,Trippack,jtrippackap@timesonline.co.uk,Male,103.235.15.138
387,Clio,Legg,cleggaq@newsvine.com,Female,34.87.150.20
388,Sigismondo,Vlies,svliesar@cyberchimps.com,Male,160.237.244.8
389,Timothy,Devas,tdevasas@cpanel.net,Male,232.237.115.111
390,Mauricio,Viger,mvigerat@tripadvisor.com,Male,214.242.207.168
391,Milo,Meaders,mmeadersau@dot.gov,Male,71.63.252.90
392,Ealasaid,Mollett,emollettav@hatena.ne.jp,Female,58.37.208.99
393,Brynne,Winman,bwinmanaw@plala.or.jp,Female,148.162.237.63
394,Jacky,Orton,jortonax@theatlantic.com,Female,231.115.203.38
395,Sol,Guise,sguiseay@prweb.com,Male,222.50.217.93
396,Clarita,Kenyon,ckenyonaz@illinois.edu,Female,100.255.155.32
397,Tobin,Demonge,tdemongeb0@mysql.com,Male,51.100.106.151
398,Wesley,Chaudhry,wchaudhryb1@ftc.gov,Male,128.233.88.21
399,Kassi,Donaghy,kdonaghyb2@opera.com,Female,155.36.78.173
400,Aldis,Yuille,ayuilleb3@edublogs.org,Male,181.12.177.54
401,Hort,Guise,hguiseb4@microsoft.com,Male,158.182.194.248
402,Liesa,Lynd,llyndb5@cdc.gov,Female,90.107.139.255
403,Mitchael,Joscelin,mjoscelinb6@ftc.gov,Male,8.130.228.52
404,Tremayne,Mapledoram,tmapledoramb7@surveymonkey.com,Male,46.206.113.107
405,Griselda,Crowne,gcrowneb8@newyorker.com,Female,68.117.165.180
406,Carry,Cornilli,ccornillib9@ibm.com,Female,29.190.189.123
407,Zaccaria,Tattershall,ztattershallba@admin.ch,Male,82.95.109.126
408,Cherianne,Carrivick,ccarrivickbb@mysql.com,Female,237.148.148.210
409,Filippa,Elvish,felvishbc@unc.edu,Female,122.122.119.215
410,Charis,Dawtry,cdawtrybd@bbc.co.uk,Female,95.196.10.101
411,Serena,Ingerson,singersonbe@infoseek.co.jp,Female,116.97.144.128
412,Brita,Lowdeane,blowdeanebf@fc2.com,Female,132.46.78.196
413,Rees,Chicotti,rchicottibg@squarespace.com,Male,236.14.4.230
414,Chas,Lathwell,clathwellbh@netscape.com,Male,118.4.59.174
415,Yolanda,Lembke,ylembkebi@nifty.com,Female,194.193.50.200
416,Nessi,Farlham,nfarlhambj@xing.com,Female,139.241.152.226
417,Helen,Gaiford,hgaifordbk@newyorker.com,Female,134.16.70.138
418,Penni,Aldine,paldinebl@pcworld.com,Female,4.98.135.163
419,Lennie,Richings,lrichingsbm@e-recht24.de,Male,210.236.77.184
420,Sal,Wheway,swhewaybn@about.com,Female,140.47.243.242
421,Peadar,Ackermann,packermannbo@utexas.edu,Male,78.162.63.101
422,Gratiana,Harmer,gharmerbp@oakley.com,Female,149.113.149.27
423,Gates,Tong,gtongbq@cbsnews.com,Female,103.210.136.26
424,Marylinda,Miell,mmiellbr@dmoz.org,Female,53.54.76.96
425,Randee,Lazonby,rlazonbybs@etsy.com,Female,27.84.87.250
426,Stillman,Heinonen,sheinonenbt@shop-pro.jp,Male,174.23.2.29
427,Howie,Coddrington,hcoddringtonbu@ox.ac.uk,Male,148.153.216.233
428,Sidnee,Whenman,swhenmanbv@fotki.com,Male,116.25.71.153
429,Englebert,Ingree,eingreebw@nature.com,Male,156.81.168.88
430,Constancia,Meneur,cmeneurbx@ed.gov,Female,118.18.180.161
431,Francois,O'Roan,foroanby@washingtonpost.com,Male,69.140.194.41
432,Kirsten,Oakinfold,koakinfoldbz@un.org,Female,75.62.135.45
433,Goddart,Leftley,gleftleyc0@live.com,Male,108.84.15.90
434,Marcia,Cromleholme,mcromleholmec1@chron.com,Female,19.221.180.208
435,Bernelle,Fenney,bfenneyc2@springer.com,Female,84.134.243.105
436,Kelsy,Dowley,kdowleyc3@biblegateway.com,Female,123.251.199.72
437,Michel,Marple,mmarplec4@plala.or.jp,Female,243.250.12.18
438,Jordon,Lilion,jlilionc5@wordpress.com,Male,72.95.54.103
439,Lanna,Blackler,lblacklerc6@fema.gov,Female,187.186.195.244
440,Barnie,Lahiff,blahiffc7@newyorker.com,Male,205.82.238.142
441,Lorita,Tubble,ltubblec8@posterous.com,Female,155.244.204.53
442,Kendall,Marshalleck,kmarshalleckc9@naver.com,Male,203.134.68.102
443,Morgen,Geharke,mgeharkeca@alexa.com,Female,159.149.216.235
444,Lindie,Di Ruggero,ldiruggerocb@mlb.com,Female,75.157.84.240
445,Daisy,Tobin,dtobincc@tumblr.com,Female,5.111.190.105
446,Tamas,Neilly,tneillycd@time.com,Male,61.198.251.175
447,Rose,Saffran,rsaffrance@sogou.com,Female,91.161.76.134
448,Netta,McKeller,nmckellercf@blinklist.com,Female,14.17.181.197
449,Dalton,Raff,draffcg@unc.edu,Male,28.105.55.188
450,Tobe,Abba,tabbach@tinypic.com,Female,205.177.171.137
451,Amandy,Le Marquand,alemarquandci@mail.ru,Female,92.243.172.36
452,Tiffie,Giacobbo,tgiacobbocj@facebook.com,Female,15.253.29.78
453,Justinian,Macrae,jmacraeck@shutterfly.com,Male,77.98.119.105
454,Aubrey,Gerretsen,agerretsencl@ucla.edu,Male,171.253.121.167
455,Theo,Tuckett,ttuckettcm@economist.com,Male,209.59.144.2
456,Broderick,Featherstone,bfeatherstonecn@businessweek.com,Male,105.84.46.238
457,Dalila,Jedrzejewicz,djedrzejewiczco@dmoz.org,Female,229.74.47.182
458,Wilburt,Climance,wclimancecp@blogs.com,Male,253.24.124.42
459,Andree,Seabon,aseaboncq@epa.gov,Female,180.82.152.127
460,Aubree,McGeaney,amcgeaneycr@bloglovin.com,Female,94.166.215.46
461,Thorny,Stonebanks,tstonebankscs@wikia.com,Male,50.145.125.212
462,Berkly,Maciaszek,bmaciaszekct@yolasite.com,Male,52.102.241.74
463,Gordie,Schafer,gschafercu@about.me,Male,215.121.227.19
464,Matthaeus,Whiteway,mwhitewaycv@jalbum.net,Male,12.74.228.248
465,Dacie,Weddup,dweddupcw@merriam-webster.com,Female,157.169.228.182
466,Rosabella,Belmont,rbelmontcx@phoca.cz,Female,167.172.10.139
467,Donall,Cluney,dcluneycy@1und1.de,Male,55.107.229.158
468,Clo,Shotton,cshottoncz@xing.com,Female,91.68.86.153
469,Pippo,Merricks,pmerricksd0@google.nl,Male,196.186.218.110
470,Brodie,Chasen,bchasend1@shareasale.com,Male,121.39.148.123
471,Silvano,Humes,shumesd2@businessinsider.com,Male,219.158.126.6
472,Loleta,Kirby,lkirbyd3@unblog.fr,Female,90.100.10.251
473,Mickie,Lanchester,mlanchesterd4@cnn.com,Male,100.100.59.204
474,Marla,Byford,mbyfordd5@cpanel.net,Female,188.2.55.40
475,Patience,Milland,pmillandd6@economist.com,Female,37.174.82.128
476,Cally,Di Claudio,cdiclaudiod7@rediff.com,Female,74.191.70.236
477,Horst,Nelsey,hnelseyd8@unc.edu,Male,163.151.135.217
478,Lin,Beagen,lbeagend9@hatena.ne.jp,Male,118.247.92.203
479,Tiebout,Mocher,tmocherda@unicef.org,Male,205.80.53.60
480,Gary,Jerrolt,gjerroltdb@shutterfly.com,Male,110.233.154.177
481,Todd,Keary,tkearydc@constantcontact.com,Male,254.161.244.114
482,Ethelbert,Cackett,ecackettdd@paypal.com,Male,36.107.119.34
483,Ronni,Dennick,rdennickde@mozilla.org,Female,0.99.86.208
484,Dougy,Huntriss,dhuntrissdf@privacy.gov.au,Male,102.241.129.10
485,Gayle,Westbrook,gwestbrookdg@wisc.edu,Female,107.71.72.74
486,Fraser,Bedham,fbedhamdh@livejournal.com,Male,52.177.144.112
487,Alayne,Brierley,abrierleydi@lulu.com,Female,36.226.7.215
488,Malissia,Pagram,mpagramdj@etsy.com,Female,161.120.206.8
489,Abdel,Glyn,aglyndk@ibm.com,Male,123.173.54.249
490,Rozanna,Kilshaw,rkilshawdl@histats.com,Female,191.127.226.105
491,Adham,Raden,aradendm@seesaa.net,Male,153.88.196.118
492,Morgen,Schirach,mschirachdn@statcounter.com,Female,8.186.79.9
493,Carmela,Pallis,cpallisdo@sakura.ne.jp,Female,160.151.168.61
494,Pansie,Anetts,panettsdp@google.fr,Female,180.149.240.167
495,Norby,Cuttelar,ncuttelardq@purevolume.com,Male,49.141.108.28
496,Ellwood,Llorente,ellorentedr@eepurl.com,Male,37.97.24.155
497,Reed,Rendle,rrendleds@springer.com,Male,248.129.26.234
498,Teresita,Randell,trandelldt@mtv.com,Female,187.86.46.69
499,Paxton,Crow,pcrowdu@jigsy.com,Male,55.240.229.145
500,Nicol,Baly,nbalydv@weather.com,Female,60.253.8.175
501,Brear,Wickardt,bwickardtdw@google.it,Female,119.254.25.93
502,Nickola,Twede,ntwededx@chicagotribune.com,Male,212.157.248.152
503,Davie,Mainstone,dmainstonedy@utexas.edu,Male,104.165.112.2
504,Glenda,Dymond,gdymonddz@wsj.com,Female,60.38.107.168
505,Clair,Scoggan,cscoggane0@noaa.gov,Female,226.78.19.70
506,Lou,Bunclark,lbunclarke1@ucla.edu,Female,112.155.40.149
507,Adolphus,Beverage,abeveragee2@hexun.com,Male,153.221.110.9
508,Nevin,Biggins,nbigginse3@hibu.com,Male,101.64.110.227
509,Adel,Chaves,achavese4@rakuten.co.jp,Female,250.220.128.228
510,Roderic,Fuke,rfukee5@dyndns.org,Male,201.180.64.122
511,Wynn,Kyllford,wkyllforde6@twitter.com,Male,6.68.114.179
512,Joann,Hayman,jhaymane7@lycos.com,Female,16.149.17.45
513,Gunar,Eames,geamese8@lycos.com,Male,191.252.27.228
514,Brodie,Philipsen,bphilipsene9@domainmarket.com,Male,27.153.12.133
515,Irving,Hum,ihumea@google.co.uk,Male,230.218.113.43
516,Shae,Eustis,seustiseb@alibaba.com,Female,51.19.40.60
517,Marika,Stienham,mstienhamec@sfgate.com,Female,86.120.192.163
518,Zebedee,Yurkevich,zyurkeviched@ovh.net,Male,18.93.223.61
519,Heddi,Pitbladdo,hpitbladdoee@thetimes.co.uk,Female,83.55.24.24
520,Smith,Leynham,sleynhamef@google.pl,Male,34.231.52.85
521,Ban,Lowater,blowatereg@senate.gov,Male,165.205.172.87
522,Shamus,Chesterfield,schesterfieldeh@hp.com,Male,12.248.197.131
523,Deidre,Fiander,dfianderei@dagondesign.com,Female,59.78.1.86
524,Sayers,Rappa,srappaej@liveinternet.ru,Male,55.213.103.36
525,Sibeal,Udy,sudyek@ow.ly,Female,249.169.74.27
526,Rowland,Cockill,rcockillel@indiatimes.com,Male,47.50.125.40
527,Nerissa,Craster,ncrasterem@elegantthemes.com,Female,163.140.207.243
528,Frederigo,Foddy,ffoddyen@cornell.edu,Male,12.206.229.253
529,Shena,Earlam,searlameo@timesonline.co.uk,Female,242.46.7.238
530,Hernando,Ralfe,hralfeep@dion.ne.jp,Male,167.182.194.153
531,Trever,Pavlishchev,tpavlishcheveq@dailymotion.com,Male,126.241.29.9
532,Gualterio,Rutgers,grutgerser@umich.edu,Male,82.172.1.245
533,Eric,Selwin,eselwines@istockphoto.com,Male,226.17.227.30
534,Aloin,Divisek,adiviseket@people.com.cn,Male,14.71.246.19
535,Billie,Curragh,bcurragheu@goo.gl,Female,182.207.170.207
536,Adelaida,Swaffer,aswafferev@europa.eu,Female,62.123.164.27
537,Ave,Midner,amidnerew@fda.gov,Male,255.79.14.231
538,Durant,Arguile,darguileex@angelfire.com,Male,189.154.145.70
539,Stefano,Beldon,sbeldoney@shutterfly.com,Male,190.151.43.32
540,Konstanze,Ross,krossez@ovh.net,Female,101.161.183.211
541,Kimbell,Ledwith,kledwithf0@cbsnews.com,Male,140.216.245.231
542,Quint,Hefford,qheffordf1@nytimes.com,Male,18.131.41.80
543,Britt,Orys,borysf2@fda.gov,Female,27.26.167.162
544,Yvor,Lonsdale,ylonsdalef3@facebook.com,Male,21.163.202.178
545,Hashim,Strickland,hstricklandf4@infoseek.co.jp,Male,34.250.125.179
546,Sidney,McPhelimy,smcphelimyf5@shareasale.com,Male,22.248.244.76
547,Orly,Gillingham,ogillinghamf6@timesonline.co.uk,Female,36.40.19.175
548,Heall,Caroll,hcarollf7@vkontakte.ru,Male,184.209.4.240
549,Albertine,Ricards,aricardsf8@washington.edu,Female,165.211.111.202
550,Ned,Dredge,ndredgef9@livejournal.com,Male,80.21.44.150
551,Alessandro,Footer,afooterfa@google.de,Male,148.55.47.152
552,Viole,Kerwen,vkerwenfb@bandcamp.com,Female,27.174.25.16
553,Agosto,Hatcher,ahatcherfc@ucla.edu,Male,95.58.191.102
554,Heidi,Lilie,hliliefd@youku.com,Female,225.180.73.254
555,Zollie,Greenly,zgreenlyfe@ucsd.edu,Male,218.65.66.50
556,Gaston,Benko,gbenkoff@washington.edu,Male,97.41.54.15
557,Rosabella,Bartleet,rbartleetfg@soup.io,Female,24.177.220.92
558,Staci,Sharrocks,ssharrocksfh@zdnet.com,Female,91.177.174.114
559,Buckie,Barefoot,bbarefootfi@printfriendly.com,Male,224.57.200.35
560,Kaitlin,Ackred,kackredfj@drupal.org,Female,158.74.13.132
561,Moishe,Verick,mverickfk@latimes.com,Male,77.44.95.203
562,Aurelia,Pettecrew,apettecrewfl@wp.com,Female,66.168.206.47
563,Pavel,Marien,pmarienfm@bloglovin.com,Male,96.180.62.90
564,Tyrone,McGuinness,tmcguinnessfn@bing.com,Male,118.124.108.140
565,Giffard,Benditt,gbendittfo@businessinsider.com,Male,236.128.29.210
566,Regan,Tremberth,rtremberthfp@upenn.edu,Female,149.98.178.111
567,Pavia,Somers,psomersfq@hao123.com,Female,86.191.125.36
568,Augustine,Lubeck,alubeckfr@hexun.com,Male,93.233.109.30
569,Ulrica,Washington,uwashingtonfs@twitpic.com,Female,134.25.236.20
570,Lillis,Baudinot,lbaudinotft@deliciousdays.com,Female,203.91.172.174
571,Spike,Rajchert,srajchertfu@deliciousdays.com,Male,221.255.46.111
572,Babette,Addlestone,baddlestonefv@google.nl,Female,186.84.39.240
573,Freddy,Eldredge,feldredgefw@yellowpages.com,Male,110.181.180.53
574,Lowell,Donalson,ldonalsonfx@histats.com,Male,128.214.221.14
575,Pauly,Catterick,pcatterickfy@tripod.com,Female,254.74.167.50
576,Wait,Fairleigh,wfairleighfz@etsy.com,Male,5.183.60.75
577,Hadrian,Fabry,hfabryg0@dot.gov,Male,189.21.219.169
578,Lynnett,Servis,lservisg1@usa.gov,Female,187.41.233.154
579,Wilbert,Richfield,wrichfieldg2@php.net,Male,53.45.38.249
580,Laurence,Gillott,lgillottg3@bloglovin.com,Male,36.114.151.19
581,Cassaundra,Kiff,ckiffg4@mayoclinic.com,Female,6.109.97.71
582,Rosalynd,Adlard,radlardg5@about.me,Female,193.216.117.2
583,Veronica,Gratrix,vgratrixg6@si.edu,Female,162.55.219.185
584,Chicky,Remon,cremong7@ox.ac.uk,Female,84.218.174.68
585,Violet,Simioli,vsimiolig8@yahoo.com,Female,79.254.49.203
586,Thomasa,Karpf,tkarpfg9@auda.org.au,Female,187.225.192.99
587,Noreen,Tewkesbury,ntewkesburyga@gmpg.org,Female,207.137.240.31
588,Madelin,MacGettigen,mmacgettigengb@wikimedia.org,Female,224.243.104.207
589,Richardo,Yarnley,ryarnleygc@utexas.edu,Male,25.103.51.148
590,Timmy,Huburn,thuburngd@jiathis.com,Male,184.245.230.19
591,Layne,Paddefield,lpaddefieldge@mac.com,Female,115.218.177.111
592,Zonda,Muslim,zmuslimgf@omniture.com,Female,115.249.155.246
593,Merrie,Eplett,meplettgg@mapquest.com,Female,28.59.142.217
594,Pietrek,Feenan,pfeenangh@blogs.com,Male,33.188.197.75
595,Grange,Batchan,gbatchangi@ezinearticles.com,Male,230.44.80.23
596,Sutherlan,Sorrell,ssorrellgj@diigo.com,Male,19.158.175.157
597,Daisie,Castillon,dcastillongk@google.com.hk,Female,38.66.79.121
598,Hamid,Cattini,hcattinigl@sourceforge.net,Male,48.214.183.144
599,Bruis,Houlison,bhoulisongm@goodreads.com,Male,7.168.44.88
600,Sharity,Britton,sbrittongn@youtu.be,Female,107.111.62.87
601,Sax,Ivamy,sivamygo@si.edu,Male,13.173.119.111
602,Ninon,Kuhlen,nkuhlengp@vimeo.com,Female,23.96.234.119
603,Reagan,Neller,rnellergq@time.com,Male,159.243.117.200
604,Boote,O Mullen,bomullengr@linkedin.com,Male,242.91.222.237
605,Carry,Caudwell,ccaudwellgs@shareasale.com,Female,202.124.205.205
606,Avictor,Hopkins,ahopkinsgt@mozilla.org,Male,100.58.168.236
607,Rollin,Strippling,rstripplinggu@mlb.com,Male,234.180.68.29
608,Rhys,Bendley,rbendleygv@seesaa.net,Male,32.161.233.195
609,Marys,Romand,mromandgw@unc.edu,Female,125.140.61.202
610,Tomasine,Mulderrig,tmulderriggx@google.ru,Female,192.117.181.148
611,Pennie,Ferres,pferresgy@census.gov,Male,85.78.0.62
612,Mirelle,Abden,mabdengz@hp.com,Female,52.153.45.253
613,Say,Penketh,spenkethh0@accuweather.com,Male,68.155.158.91
614,Ileane,Covelle,icovelleh1@salon.com,Female,175.198.75.31
615,Renell,Oulner,roulnerh2@cam.ac.uk,Female,59.201.239.127
616,Frans,Antalffy,fantalffyh3@xrea.com,Male,176.75.67.101
617,Sigismond,Yorston,syorstonh4@scribd.com,Male,239.244.65.51
618,Sande,Lattka,slattkah5@google.pl,Female,81.234.78.72
619,Del,Fulloway,dfullowayh6@kickstarter.com,Male,112.245.216.20
620,Malina,Gronou,mgronouh7@moonfruit.com,Female,200.110.225.67
621,Saxon,Caddy,scaddyh8@mlb.com,Male,2.227.72.184
622,Terrence,Yvon,tyvonh9@mozilla.com,Male,163.171.50.201
623,Emmy,Studde,estuddeha@ted.com,Male,65.151.95.163
624,Beau,Hudspith,bhudspithhb@w3.org,Male,216.79.157.249
625,Des,Andren,dandrenhc@oakley.com,Male,178.72.71.254
626,Joey,Raittie,jraittiehd@ning.com,Female,172.85.254.127
627,Livia,Roussell,lroussellhe@mlb.com,Female,61.157.178.186
628,Alexandros,Warlowe,awarlowehf@myspace.com,Male,238.191.54.13
629,Ave,Betteriss,abetterisshg@guardian.co.uk,Male,10.197.132.190
630,Maurice,Imesen,mimesenhh@wufoo.com,Male,162.14.193.229
631,Emeline,Wombwell,ewombwellhi@spotify.com,Female,251.18.241.138
632,Noland,Oselton,noseltonhj@twitter.com,Male,109.176.11.248
633,Ailey,Hebson,ahebsonhk@aol.com,Female,238.53.200.155
634,Cami,Ormesher,cormesherhl@domainmarket.com,Female,245.94.201.65
635,Noelyn,Dendle,ndendlehm@i2i.jp,Female,125.156.12.39
636,Torrence,Fontanet,tfontanethn@cbc.ca,Male,0.143.251.159
637,Jake,Elger,jelgerho@cpanel.net,Male,108.102.77.81
638,Ingram,Norrie,inorriehp@ebay.com,Male,120.118.153.124
639,Adelaide,Millions,amillionshq@constantcontact.com,Female,46.121.70.92
640,Sigfried,Pawlicki,spawlickihr@addthis.com,Male,49.236.250.225
641,Guinna,Grioli,ggriolihs@cbc.ca,Female,149.16.221.31
642,Alfie,Lowe,aloweht@earthlink.net,Female,56.106.11.64
643,Fionna,Poter,fpoterhu@usnews.com,Female,245.64.60.148
644,Yetty,Strainge,ystraingehv@wsj.com,Female,66.174.185.26
645,Clovis,Paraman,cparamanhw@lycos.com,Female,35.101.96.95
646,Caril,Vedenisov,cvedenisovhx@fastcompany.com,Female,142.119.65.68
647,Chaim,Shower,cshowerhy@newsvine.com,Male,154.6.233.118
648,Erika,Keri,ekerihz@china.com.cn,Female,22.40.196.53
649,Arlette,Jenney,ajenneyi0@wisc.edu,Female,188.124.102.195
650,Kath,Jepperson,kjeppersoni1@a8.net,Female,19.142.160.185
651,Alanson,Karolewski,akarolewskii2@utexas.edu,Male,194.157.12.203
652,Carolina,Drohane,cdrohanei3@rambler.ru,Female,198.213.53.231
653,Cliff,Klimsch,cklimschi4@t.co,Male,10.180.44.39
654,Lindi,Wickersley,lwickersleyi5@sohu.com,Female,51.5.46.126
655,Timmy,Hrynczyk,thrynczyki6@naver.com,Female,11.102.82.99
656,Teodorico,Wittier,twittieri7@twitter.com,Male,195.7.6.247
657,Padraic,Fludder,pfludderi8@youtube.com,Male,255.253.15.57
658,Valentin,Durrett,vdurretti9@ifeng.com,Male,160.157.154.113
659,Holden,Kohlerman,hkohlermania@loc.gov,Male,80.196.106.134
660,Gun,Corbitt,gcorbittib@slashdot.org,Male,232.53.161.255
661,Sly,Frangello,sfrangelloic@yahoo.co.jp,Male,120.66.54.14
662,Cosette,Buckerfield,cbuckerfieldid@whitehouse.gov,Female,1.171.209.237
663,Marty,Spraging,mspragingie@nbcnews.com,Female,21.57.30.42
664,Barny,Lesper,blesperif@loc.gov,Male,53.163.16.4
665,Emmy,Lambourne,elambourneig@unc.edu,Male,94.227.216.177
666,Nikola,Downing,ndowningih@oracle.com,Male,51.222.17.142
667,Chaunce,Metzel,cmetzelii@blogtalkradio.com,Male,213.170.107.56
668,Caralie,Bartot,cbartotij@wiley.com,Female,143.206.77.58
669,Binnie,Ingold,bingoldik@elegantthemes.com,Female,253.40.140.158
670,Augie,Urry,aurryil@blogs.com,Male,206.230.116.45
671,Horton,Goodridge,hgoodridgeim@ow.ly,Male,123.66.235.197
672,Robbin,Booty,rbootyin@wiley.com,Female,73.100.167.40
673,Melesa,Sains,msainsio@weather.com,Female,23.148.34.149
674,Bella,Kelso,bkelsoip@histats.com,Female,185.76.82.211
675,Deane,Ciccotti,dciccottiiq@about.me,Female,102.206.200.174
676,Eustace,Durie,edurieir@java.com,Male,214.51.37.1
677,Anderson,Aingell,aaingellis@ifeng.com,Male,24.185.134.151
678,Sybil,Gregoli,sgregoliit@bandcamp.com,Female,14.183.53.72
679,Avery,Godspede,agodspedeiu@timesonline.co.uk,Male,199.159.65.203
680,Cristi,Marshfield,cmarshfieldiv@netscape.com,Female,148.235.151.107
681,Freeland,Batrim,fbatrimiw@virginia.edu,Male,243.193.109.22
682,Delmor,Di Bernardo,ddibernardoix@vinaora.com,Male,191.7.207.245
683,Colas,McEniry,cmceniryiy@home.pl,Male,150.67.70.108
684,Dennis,Sibbons,dsibbonsiz@sciencedirect.com,Male,129.188.2.93
685,Harlene,Kell,hkellj0@cloudflare.com,Female,96.51.205.163
686,Berty,Chiene,bchienej1@cmu.edu,Male,173.130.3.173
687,Ben,Mannagh,bmannaghj2@hugedomains.com,Male,74.180.170.93
688,Hebert,Dossit,hdossitj3@globo.com,Male,153.124.155.166
689,Gretna,Ambrosoni,gambrosonij4@networksolutions.com,Female,110.246.84.29
690,Lynne,Cullotey,lculloteyj5@telegraph.co.uk,Female,6.104.11.177
691,Randy,Shane,rshanej6@boston.com,Male,103.115.43.205
692,Devlin,Knotte,dknottej7@ycombinator.com,Male,89.113.232.33
693,Myron,Wallsam,mwallsamj8@bluehost.com,Male,62.235.13.76
694,Baxy,Caroline,bcarolinej9@walmart.com,Male,116.107.95.94
695,Ramon,Cheesman,rcheesmanja@cbslocal.com,Male,5.231.207.38
696,Earle,Purslow,epurslowjb@xrea.com,Male,127.76.71.15
697,Selig,Darell,sdarelljc@nasa.gov,Male,227.252.68.140
698,Blayne,Prantoni,bprantonijd@cyberchimps.com,Male,55.127.155.29
699,Garnet,Garratt,ggarrattje@chron.com,Female,66.73.34.172
700,Nomi,Hadlow,nhadlowjf@privacy.gov.au,Female,2.86.89.203
701,Leola,Lound,lloundjg@amazonaws.com,Female,244.96.1.104
702,Etti,Bertenshaw,ebertenshawjh@sogou.com,Female,189.148.153.64
703,Ely,Escot,eescotji@ycombinator.com,Male,2.172.32.191
704,Rosene,Agron,ragronjj@smh.com.au,Female,193.17.6.0
705,Britte,Joseland,bjoselandjk@google.fr,Female,140.204.95.224
706,Farah,Gallon,fgallonjl@springer.com,Female,89.139.95.58
707,Jonie,Munford,jmunfordjm@latimes.com,Female,240.155.90.152
708,Ax,Bolletti,abollettijn@forbes.com,Male,220.71.249.187
709,Ray,Pele,rpelejo@huffingtonpost.com,Female,249.65.53.77
710,Lorin,Thoumasson,lthoumassonjp@skype.com,Male,177.232.216.168
711,Clarissa,Woolrich,cwoolrichjq@europa.eu,Female,106.154.12.254
712,Hewie,Vasilmanov,hvasilmanovjr@digg.com,Male,74.175.151.232
713,Kate,Zupa,kzupajs@jugem.jp,Female,100.132.223.187
714,Tanny,McAneny,tmcanenyjt@businessinsider.com,Male,140.236.32.83
715,Biddy,Booler,bboolerju@csmonitor.com,Female,224.69.224.140
716,Nert,McAreavey,nmcareaveyjv@soundcloud.com,Female,24.168.108.64
717,Sharl,Milch,smilchjw@prweb.com,Female,34.132.111.248
718,Mariellen,Witherup,mwitherupjx@edublogs.org,Female,227.177.223.186
719,Fabio,Millis,fmillisjy@home.pl,Male,220.107.67.164
720,Maurie,Allsopp,mallsoppjz@google.com.au,Male,170.70.207.13
721,Morgun,Ponting,mpontingk0@mozilla.org,Male,22.131.106.35
722,Washington,Arrandale,warrandalek1@diigo.com,Male,121.4.184.106
723,Rosina,Joreau,rjoreauk2@discovery.com,Female,139.34.95.11
724,Weber,Rodgier,wrodgierk3@tinypic.com,Male,13.50.226.97
725,Austina,Lambourn,alambournk4@imdb.com,Female,133.136.99.230
726,Arin,Loveard,aloveardk5@weibo.com,Male,227.234.126.145
727,Martie,Soall,msoallk6@theglobeandmail.com,Female,19.41.253.79
728,Raf,Tawton,rtawtonk7@google.it,Female,197.22.144.198
729,Rhys,Legier,rlegierk8@elegantthemes.com,Male,72.163.60.169
730,Georg,O'Shavlan,goshavlank9@tiny.cc,Male,113.143.48.110
731,Roch,Littefair,rlittefairka@webnode.com,Female,182.132.222.163
732,Roderich,Ledram,rledramkb@51.la,Male,77.184.205.152
733,Ernest,Sweeting,esweetingkc@qq.com,Male,86.182.69.128
734,Tanner,Coffey,tcoffeykd@nih.gov,Male,141.90.29.157
735,Legra,Dun,ldunke@shop-pro.jp,Female,72.27.118.52
736,Mandel,Cocher,mcocherkf@army.mil,Male,171.97.221.115
737,Max,Oakenfall,moakenfallkg@google.com.au,Female,71.93.224.84
738,Clemmy,Davidsen,cdavidsenkh@geocities.com,Male,26.47.189.119
739,Ellerey,Bendik,ebendikki@surveymonkey.com,Male,72.67.98.136
740,Dudley,Cullingford,dcullingfordkj@clickbank.net,Male,2.102.58.222
741,Wynn,Lavall,wlavallkk@chicagotribune.com,Female,132.35.237.76
742,Claudette,Hartland,chartlandkl@simplemachines.org,Female,41.10.62.121
743,Ulla,Zamboniari,uzamboniarikm@adobe.com,Female,20.75.169.102
744,Emmeline,Reck,ereckkn@drupal.org,Female,96.51.231.74
745,Joel,Platfoot,jplatfootko@storify.com,Male,171.123.45.93
746,Easter,Bankhurst,ebankhurstkp@cnn.com,Female,170.249.207.162
747,Udall,Martindale,umartindalekq@liveinternet.ru,Male,243.16.97.138
748,Kristel,Egdal,kegdalkr@indiegogo.com,Female,216.200.120.172
749,Jackelyn,Lacroix,jlacroixks@goo.gl,Female,210.208.6.107
750,Garrett,Jimmes,gjimmeskt@cpanel.net,Male,92.99.67.49
751,Dorie,Leith,dleithku@tmall.com,Male,111.246.63.228
752,Zeke,Wisham,zwishamkv@parallels.com,Male,148.164.167.152
753,Stillman,Cosgrive,scosgrivekw@pcworld.com,Male,50.81.160.90
754,Griffin,Tritten,gtrittenkx@aboutads.info,Male,135.154.92.205
755,Zora,Creber,zcreberky@wiley.com,Female,104.47.135.32
756,Mirabelle,Goulbourne,mgoulbournekz@state.tx.us,Female,66.190.3.224
757,Katine,Otridge,kotridgel0@abc.net.au,Female,128.101.85.60
758,Elsa,Semour,esemourl1@dell.com,Female,89.60.62.117
759,Janet,Ludwig,jludwigl2@nbcnews.com,Female,6.17.76.109
760,Sabine,Bucknill,sbucknilll3@qq.com,Female,22.10.100.179
761,Vanna,Rosie,vrosiel4@fc2.com,Female,235.63.113.245
762,Archibald,Reid,areidl5@upenn.edu,Male,128.245.255.209
763,Marv,Beckwith,mbeckwithl6@sitemeter.com,Male,246.92.33.63
764,Reube,Yurkov,ryurkovl7@ebay.co.uk,Male,228.140.243.102
765,Nike,Thebe,nthebel8@google.de,Female,133.164.114.148
766,Tom,Huyhton,thuyhtonl9@jalbum.net,Male,228.73.107.175
767,Mirna,Conkey,mconkeyla@oracle.com,Female,202.98.7.90
768,Michaeline,Janata,mjanatalb@smh.com.au,Female,177.193.119.165
769,Hort,Douberday,hdouberdaylc@amazon.de,Male,92.227.233.60
770,Bevvy,Conway,bconwayld@google.co.jp,Female,221.214.119.28
771,Sibby,Pyatt,spyattle@bravesites.com,Female,47.115.130.13
772,Marie-jeanne,Dotson,mdotsonlf@bravesites.com,Female,147.18.81.230
773,Kaitlin,Edis,kedislg@hao123.com,Female,109.99.212.211
774,Kirsti,Edess,kedesslh@illinois.edu,Female,174.12.220.244
775,Tammie,Eade,teadeli@princeton.edu,Male,245.38.253.102
776,Gustavo,Gilardengo,ggilardengolj@ezinearticles.com,Male,116.170.69.176
777,Angelico,Blooman,abloomanlk@yellowbook.com,Male,226.105.59.94
778,Lydie,Covely,lcovelyll@weebly.com,Female,170.67.100.242
779,Xaviera,Tear,xtearlm@icio.us,Female,240.56.110.8
780,Leopold,Boar,lboarln@independent.co.uk,Male,209.99.203.61
781,Percy,Yallowley,pyallowleylo@bluehost.com,Male,188.150.59.118
782,Romona,Luggar,rluggarlp@printfriendly.com,Female,77.231.93.16
783,Barnebas,Laslett,blaslettlq@yale.edu,Male,51.142.232.87
784,Roger,Geertz,rgeertzlr@hugedomains.com,Male,0.146.81.149
785,Chris,Lindenberg,clindenbergls@forbes.com,Male,250.96.28.155
786,Justinn,Harcarse,jharcarselt@amazonaws.com,Female,182.50.181.141
787,Earle,Waggett,ewaggettlu@wsj.com,Male,158.92.191.151
788,Alejandrina,Cardo,acardolv@shinystat.com,Female,212.229.65.238
789,Oran,Gircke,ogirckelw@vimeo.com,Male,202.149.137.149
790,Keely,Wolstenholme,kwolstenholmelx@cocolog-nifty.com,Female,208.135.252.241
791,Danny,Elderkin,delderkinly@over-blog.com,Male,186.132.221.143
792,Gay,Daal,gdaallz@vinaora.com,Male,52.1.163.220
793,Brod,Ewing,bewingm0@wordpress.com,Male,187.209.240.32
794,Hadrian,Berick,hberickm1@uol.com.br,Male,188.107.115.249
795,Marijn,Dossetter,mdossetterm2@devhub.com,Male,109.222.188.111
796,Tate,Dods,tdodsm3@scientificamerican.com,Female,90.165.17.233
797,Maddy,Arnall,marnallm4@bloomberg.com,Female,49.44.17.49
798,Tamiko,Skeel,tskeelm5@topsy.com,Female,75.169.222.116
799,Sheilah,Struan,sstruanm6@usnews.com,Female,148.171.153.77
800,Irv,Hamman,ihammanm7@vkontakte.ru,Male,166.31.170.253
801,Dame,Stovin,dstovinm8@fema.gov,Male,28.214.219.171
802,Conway,Munby,cmunbym9@google.com.br,Male,33.82.88.43
803,Quent,Sperrett,qsperrettma@yelp.com,Male,199.179.124.0
804,Gertie,Bootherstone,gbootherstonemb@altervista.org,Female,94.94.37.94
805,Alyosha,Zaniolini,azaniolinimc@pcworld.com,Male,103.216.85.227
806,Toma,Mealing,tmealingmd@amazon.co.uk,Female,32.120.191.21
807,Northrop,Smithen,nsmithenme@discuz.net,Male,190.4.179.223
808,Sayers,Kimbury,skimburymf@bloglovin.com,Male,70.10.92.177
809,Oralee,Roback,orobackmg@nih.gov,Female,35.143.114.131
810,Lanna,Abdie,labdiemh@feedburner.com,Female,204.103.28.222
811,Adelheid,Pawlyn,apawlynmi@jalbum.net,Female,181.147.196.154
812,Nicolis,Peet,npeetmj@sun.com,Male,109.102.167.230
813,Stanwood,Beatey,sbeateymk@wikispaces.com,Male,0.226.50.147
814,Oralla,Ashman,oashmanml@mashable.com,Female,227.181.143.85
815,Clim,Wythill,cwythillmm@vistaprint.com,Male,41.57.111.22
816,Gregory,Legge,gleggemn@t.co,Male,221.168.182.199
817,Mattias,Baltrushaitis,mbaltrushaitismo@wunderground.com,Male,69.176.118.76
818,Elmo,Betteson,ebettesonmp@gov.uk,Male,63.235.223.236
819,Cristine,Aitcheson,caitchesonmq@cnet.com,Female,162.29.77.41
820,Haze,Poskitt,hposkittmr@cdbaby.com,Male,184.96.1.31
821,Sissy,Iglesias,siglesiasms@gravatar.com,Female,155.146.63.233
822,Dotti,Cranston,dcranstonmt@goo.gl,Female,141.34.215.151
823,Teddy,Trawin,ttrawinmu@foxnews.com,Male,128.60.74.198
824,Damian,MacGragh,dmacgraghmv@columbia.edu,Male,187.61.17.176
825,Monique,Tinline,mtinlinemw@diigo.com,Female,124.226.242.111
826,Sue,Hovee,shoveemx@hp.com,Female,52.76.146.116
827,Coriss,Kershow,ckershowmy@whitehouse.gov,Female,17.236.70.19
828,Alfredo,Shew,ashewmz@nhs.uk,Male,196.90.25.65
829,Arvie,McKern,amckernn0@networksolutions.com,Male,220.144.229.91
830,Michelina,Dyne,mdynen1@washingtonpost.com,Female,20.137.236.157
831,Marwin,Dalziel,mdalzieln2@wisc.edu,Male,40.55.34.16
832,Stace,Dooman,sdoomann3@spiegel.de,Female,200.73.48.16
833,Nickola,Sallery,nsalleryn4@nifty.com,Male,71.242.124.10
834,Lisabeth,Daughton,ldaughtonn5@cnn.com,Female,124.160.115.59
835,Annmarie,Ochterlony,aochterlonyn6@wunderground.com,Female,11.238.143.114
836,Rubina,Gurnell,rgurnelln7@miitbeian.gov.cn,Female,7.217.60.184
837,Lucio,Fairchild,lfairchildn8@i2i.jp,Male,192.105.207.187
838,Vern,Pasby,vpasbyn9@tuttocitta.it,Male,222.11.121.228
839,Denys,Paradis,dparadisna@upenn.edu,Male,250.183.158.148
840,Dorothy,Sellens,dsellensnb@chronoengine.com,Female,87.88.242.14
841,Amitie,Cottrill,acottrillnc@behance.net,Female,97.75.69.161
842,Guinevere,Tranckle,gtrancklend@howstuffworks.com,Female,255.86.203.96
843,Aileen,Fumagallo,afumagallone@house.gov,Female,169.214.53.136
844,Page,Bhar,pbharnf@washington.edu,Male,106.77.183.89
845,Gerladina,Peart,gpeartng@theglobeandmail.com,Female,131.53.183.199
846,Lissa,Kilner,lkilnernh@merriam-webster.com,Female,108.167.223.17
847,Poul,Farrin,pfarrinni@princeton.edu,Male,94.94.243.170
848,Garrard,Marler,gmarlernj@go.com,Male,97.58.161.125
849,Cort,Luard,cluardnk@huffingtonpost.com,Male,184.78.65.244
850,Flynn,Doone,fdoonenl@unesco.org,Male,199.168.210.83
851,Andres,Tumasian,atumasiannm@npr.org,Male,103.127.159.158
852,Iain,Boat,iboatnn@a8.net,Male,231.44.232.244
853,La verne,Fawley,lfawleyno@google.de,Female,58.55.114.15
854,Emmye,Daviot,edaviotnp@earthlink.net,Female,142.117.8.223
855,Darsie,Bilovus,dbilovusnq@discovery.com,Female,117.141.159.208
856,Andie,Salkild,asalkildnr@meetup.com,Male,225.191.176.225
857,Aurel,Braycotton,abraycottonns@nytimes.com,Female,10.182.8.116
858,Else,Mealing,emealingnt@pinterest.com,Female,136.57.9.64
859,Marjy,O'Breen,mobreennu@narod.ru,Female,23.28.167.34
860,Quinta,Dowsing,qdowsingnv@redcross.org,Female,92.195.35.32
861,Steve,Levesley,slevesleynw@usda.gov,Male,179.86.153.57
862,Kala,Huggard,khuggardnx@infoseek.co.jp,Female,236.86.79.192
863,Lowrance,Onele,loneleny@dagondesign.com,Male,2.149.105.153
864,Aloysia,Symers,asymersnz@smh.com.au,Female,69.173.166.146
865,Tristam,Fishleigh,tfishleigho0@goo.ne.jp,Male,65.104.26.101
866,Yves,Snawden,ysnawdeno1@psu.edu,Male,23.230.22.134
867,Melessa,Jiroutka,mjiroutkao2@ow.ly,Female,174.244.230.88
868,Finlay,Stapylton,fstapyltono3@bigcartel.com,Male,218.27.36.254
869,Brnaba,Morhall,bmorhallo4@photobucket.com,Male,249.44.217.154
870,Bobby,Van Baaren,bvanbaareno5@archive.org,Male,132.154.130.24
871,Hyacinthia,Lygoe,hlygoeo6@state.gov,Female,14.182.72.164
872,Leigh,Thrasher,lthrashero7@mysql.com,Female,52.59.101.116
873,Rachael,Mulhall,rmulhallo8@phoca.cz,Female,42.178.74.155
874,Ely,Rigby,erigbyo9@bloglovin.com,Male,50.60.65.74
875,Teressa,Loyley,tloyleyoa@freewebs.com,Female,19.208.186.72
876,Helli,Vasichev,hvasichevob@slideshare.net,Female,62.197.226.8
877,Saunder,Doman,sdomanoc@plala.or.jp,Male,92.141.60.116
878,Jocko,Scholl,jschollod@ycombinator.com,Male,92.124.215.38
879,Laurianne,Burgoin,lburgoinoe@economist.com,Female,163.234.55.168
880,Lancelot,Wyson,lwysonof@drupal.org,Male,40.22.147.168
881,Russ,Hawkeswood,rhawkeswoodog@cloudflare.com,Male,59.120.249.200
882,Bartolemo,Saffer,bsafferoh@stanford.edu,Male,73.242.192.163
883,Zonnya,Pinock,zpinockoi@a8.net,Female,65.96.185.148
884,Annabela,Orring,aorringoj@edublogs.org,Female,129.134.158.77
885,Irwinn,Thirwell,ithirwellok@booking.com,Male,126.8.61.198
886,Garland,Dziwisz,gdziwiszol@simplemachines.org,Female,190.177.253.97
887,Kipp,Clayworth,kclayworthom@about.com,Male,94.114.41.111
888,Jenda,Bleacher,jbleacheron@mapquest.com,Female,106.168.18.179
889,Micky,Costell,mcostelloo@icio.us,Female,61.13.175.26
890,Glyn,Beernt,gbeerntop@smugmug.com,Male,3.148.38.249
891,Gay,Siddell,gsiddelloq@wordpress.com,Female,202.110.117.216
892,Brigit,Shrimpton,bshrimptonor@bing.com,Female,154.255.80.202
893,Hamid,Kattenhorn,hkattenhornos@google.ca,Male,202.212.191.58
894,Ashleigh,Matkin,amatkinot@army.mil,Female,168.168.185.225
895,Lorrie,Purvess,lpurvessou@chron.com,Male,146.116.151.133
896,Zoe,Burden,zburdenov@yale.edu,Female,37.241.127.118
897,Zared,Coathup,zcoathupow@gmpg.org,Male,14.32.141.28
898,Lynea,Brumbie,lbrumbieox@infoseek.co.jp,Female,163.73.58.71
899,Oliviero,Creek,ocreekoy@webmd.com,Male,163.124.78.0
900,Andras,Baus,abausoz@youku.com,Male,137.78.24.183
901,Tobit,Learie,tleariep0@businessinsider.com,Male,49.119.123.184
902,Molly,Birts,mbirtsp1@phoca.cz,Female,231.18.195.57
903,Randi,O'Longain,rolongainp2@devhub.com,Male,204.62.175.72
904,Kassandra,Meriton,kmeritonp3@techcrunch.com,Female,3.70.226.211
905,Emlyn,Grigson,egrigsonp4@gizmodo.com,Male,37.18.80.113
906,Theresa,Bains,tbainsp5@discovery.com,Female,21.113.232.102
907,Cathleen,Dudliston,cdudlistonp6@parallels.com,Female,163.159.48.147
908,Callida,Blewitt,cblewittp7@bloglovin.com,Female,118.222.64.63
909,Jany,Guinery,jguineryp8@rakuten.co.jp,Female,106.89.28.175
910,Vina,Girod,vgirodp9@instagram.com,Female,154.210.94.102
911,Shane,Iacovelli,siacovellipa@arizona.edu,Female,175.238.52.238
912,Dallis,Ravilious,draviliouspb@google.fr,Male,114.56.65.242
913,Danni,Dimock,ddimockpc@alibaba.com,Female,145.47.125.194
914,Silvio,Ivushkin,sivushkinpd@mysql.com,Male,80.180.185.22
915,Nettle,Dreossi,ndreossipe@google.fr,Female,229.170.210.188
916,Nowell,Kiddie,nkiddiepf@unicef.org,Male,137.6.1.131
917,Sander,Orcas,sorcaspg@pcworld.com,Male,6.17.119.164
918,Giavani,Harverson,gharversonph@aboutads.info,Male,184.58.11.233
919,Aarika,Reddecliffe,areddecliffepi@csmonitor.com,Female,133.15.114.177
920,Donovan,Grealish,dgrealishpj@sciencedaily.com,Male,19.156.199.31
921,Tommy,Bresnahan,tbresnahanpk@jimdo.com,Female,31.81.7.102
922,Rubina,Cruden,rcrudenpl@fc2.com,Female,232.169.149.187
923,Crawford,Glauber,cglauberpm@yahoo.co.jp,Male,40.147.73.127
924,Ricoriki,Fattorini,rfattorinipn@time.com,Male,7.179.47.220
925,Sauncho,McMeekan,smcmeekanpo@ucoz.ru,Male,82.15.132.74
926,Curcio,Aistrop,caistroppp@networkadvertising.org,Male,37.22.206.103
927,Risa,Vlasyev,rvlasyevpq@businesswire.com,Female,146.52.200.183
928,Sandye,Tingey,stingeypr@unicef.org,Female,151.194.20.7
929,Trixy,Glason,tglasonps@illinois.edu,Female,240.223.135.117
930,Lyndsay,Bozworth,lbozworthpt@digg.com,Female,191.216.78.27
931,Matthus,Dargie,mdargiepu@un.org,Male,131.111.83.240
932,Kata,Parcell,kparcellpv@odnoklassniki.ru,Female,49.68.34.154
933,Chantalle,Kidwell,ckidwellpw@yale.edu,Female,104.201.35.240
934,Melanie,Clappison,mclappisonpx@instagram.com,Female,126.125.115.113
935,Mindy,Bauer,mbauerpy@hao123.com,Female,80.94.147.133
936,Brig,Greensite,bgreensitepz@chron.com,Male,159.180.14.128
937,Elden,Joisce,ejoisceq0@unc.edu,Male,169.236.238.30
938,Paulie,Lumsdale,plumsdaleq1@stanford.edu,Male,169.162.95.194
939,Francklin,Nerne,fnerneq2@nyu.edu,Male,230.173.52.96
940,Daron,Butland,dbutlandq3@google.cn,Male,108.95.216.160
941,Franky,Clapperton,fclappertonq4@dion.ne.jp,Male,54.125.83.192
942,Nolie,Grayshan,ngrayshanq5@state.tx.us,Female,144.138.69.200
943,Dorita,Fincken,dfinckenq6@skyrock.com,Female,214.0.239.56
944,Artur,Dorin,adorinq7@sbwire.com,Male,41.163.180.54
945,Desmund,D'Elias,ddeliasq8@blogger.com,Male,161.237.7.148
946,Diannne,Semeradova,dsemeradovaq9@amazon.de,Female,247.79.22.96
947,Lorene,Coats,lcoatsqa@sciencedirect.com,Female,214.75.226.143
948,Kristo,Lintin,klintinqb@elpais.com,Male,197.128.166.109
949,Berte,Backes,bbackesqc@tripod.com,Female,51.101.29.46
950,Wainwright,Alfonzo,walfonzoqd@typepad.com,Male,206.8.186.147
951,Fabiano,Masi,fmasiqe@naver.com,Male,199.238.120.41
952,Paton,Nurcombe,pnurcombeqf@ow.ly,Male,20.224.18.205
953,Sibyl,Sandars,ssandarsqg@weebly.com,Male,42.32.47.34
954,Margaux,Bool,mboolqh@google.ru,Female,203.244.252.57
955,Car,Bennedick,cbennedickqi@msn.com,Male,141.210.95.162
956,Rania,Knell,rknellqj@arstechnica.com,Female,130.233.237.97
957,Adara,Smullen,asmullenqk@instagram.com,Female,101.174.28.2
958,Frederic,Gamage,fgamageql@java.com,Male,18.14.30.45
959,Barrie,Tilberry,btilberryqm@shop-pro.jp,Female,131.110.5.210
960,Gail,Schouthede,gschouthedeqn@bandcamp.com,Female,120.81.177.170
961,Maddie,Galiero,mgalieroqo@nbcnews.com,Female,209.189.29.246
962,Ron,Ballance,rballanceqp@people.com.cn,Male,166.162.131.234
963,Jose,Axelby,jaxelbyqq@blogger.com,Male,64.16.248.156
964,Tadeas,Cranch,tcranchqr@answers.com,Male,156.120.118.180
965,Randy,Delgardo,rdelgardoqs@over-blog.com,Female,32.57.249.60
966,Jacky,Clemenzi,jclemenziqt@webeden.co.uk,Female,188.228.200.190
967,Ashby,Longdon,alongdonqu@cornell.edu,Male,125.179.122.254
968,Bartholemy,Cattrell,bcattrellqv@uol.com.br,Male,137.162.208.199
969,Gray,Coan,gcoanqw@is.gd,Male,73.134.188.143
970,Hewett,Lankester,hlankesterqx@ovh.net,Male,69.190.18.239
971,George,Paxeford,gpaxefordqy@dailymail.co.uk,Male,64.139.240.2
972,Annadiane,Ablewhite,aablewhiteqz@boston.com,Female,134.112.151.50
973,Marlow,Purdom,mpurdomr0@ucoz.com,Male,77.151.237.57
974,Durant,Caurah,dcaurahr1@nifty.com,Male,46.219.254.138
975,Amara,Galfour,agalfourr2@abc.net.au,Female,71.172.18.103
976,Vasili,Ratley,vratleyr3@hugedomains.com,Male,58.227.204.108
977,Ginnie,Beany,gbeanyr4@printfriendly.com,Female,27.231.75.32
978,Teddi,Laste,tlaster5@kickstarter.com,Female,40.243.113.164
979,Waylin,Beddow,wbeddowr6@deviantart.com,Male,211.52.190.54
980,Oliviero,Chatterton,ochattertonr7@statcounter.com,Male,233.7.98.114
981,Ronica,Gyles,rgylesr8@si.edu,Female,127.210.122.95
982,Ulysses,Jakubovicz,ujakuboviczr9@umn.edu,Male,93.42.159.56
983,Kile,Lethcoe,klethcoera@wp.com,Male,206.57.189.232
984,Gaspard,Manilow,gmanilowrb@bloomberg.com,Male,135.131.23.14
985,Erastus,Di Matteo,edimatteorc@sitemeter.com,Male,108.252.131.245
986,Maddalena,Buzza,mbuzzard@prnewswire.com,Female,34.236.74.98
987,Horton,Boughen,hboughenre@ask.com,Male,255.221.182.65
988,Cornelia,Savary,csavaryrf@paypal.com,Female,55.24.142.14
989,Gwenore,Featherstonhaugh,gfeatherstonhaughrg@tinyurl.com,Female,250.110.33.228
990,Orel,Pilling,opillingrh@yahoo.com,Female,139.130.44.24
991,Lazaro,Ingraham,lingrahamri@plala.or.jp,Male,181.186.223.76
992,Emelina,McGenn,emcgennrj@mysql.com,Female,84.10.171.196
993,Dallas,Curragh,dcurraghrk@netscape.com,Male,79.74.10.52
994,Rina,Tuxell,rtuxellrl@lulu.com,Female,222.119.27.198
995,Brent,Wingeatt,bwingeattrm@stumbleupon.com,Male,231.200.76.206
996,Adrianne,Gregh,agreghrn@irs.gov,Female,124.222.135.186
997,Kingsly,Round,kroundro@patch.com,Male,231.15.145.43
998,Weber,Shepcutt,wshepcuttrp@theguardian.com,Male,171.250.145.72
999,Randell,O'Driscoll,rodriscollrq@youtu.be,Male,22.112.53.90
1000,Tiler,Songer,tsongerrr@howstuffworks.com,Male,188.222.225.182
